2024-08-18 18:45:26,2024-08-18 18:45:36,2024-08-23 00:03:17,2024-08-23 00:04:02,2024-08-23 00:08:54,2024-08-23 00:28:51
ア,ア,カ,カ,カ,カ
ア,ア,ク,ク,ク,ク
ア,ア,ウ,ウ,ウ,ウ
ア,ア,ア,ア,ア,ア
ア,ア,コ,コ,コ,コ
ア,ア,コ,ア,ア,ア
ア,ア,キ,キ,キ,キ
ア,ア,ウ,ウ,ウ,ウ
ア,ア,ア,ア,ア,ア
ア,ア,カ,カ,カ,カ
ア,ア,ア,ア,ア,ウ
ア,ア,ア,ア,ア,ア
ア,ア,ア,ア,ア,キ
ア,ア,ア,ア,ア,カ
ア,ア,ア,ア,ア,カ
ア,ア,ア,ア,ア,ア
ア,ア,ア,ア,ア,ア
ア,ア,ア,ア,ア,ア
ア,ア,ア,ア,ア,ア
ア,ア,ア,ア,ア,ア
ア,ア,ウ,ウ,ウ,ウ
ア,ア,ア,ア,ア,ア
ア,ア,ウ,ウ,ウ,ウ
ア,ア,イ,イ,イ,イ
ア,ア,ア,ア,ア,ア
ア,ア,ア,ア,ア,ア
ア,ア,ア,ア,ア,ア
ア,ア,ア,ア,ア,ア
ア,ア,ア,ア,ア,ア
ア,ア,ア,ア,ア,ア
正,正,正,正,正,正
正,正,正,正,正,正
正,正,正,正,正,正
正,正,正,正,正,正
正,正,正,正,正,正
正,正,正,正,正,正
正,正,正,正,正,正
正,正,正,正,正,正
正,正,正,正,正,正
正,正,正,正,正,正
ア,ア,ア,ア,ア,ア
ア,ア,ア,ア,ア,ア
ア,ア,ア,ア,ア,ア
ア,ア,ア,ア,ア,ア
ア,ア,ア,ア,ア,ア
ア,ア,ア,ア,ア,ア
ア,ア,ア,ア,ア,ア
ア,エ,ア,ア,ア,ア
ア,ア,ア,ア,ア,ア
ア,ア,ア,ア,ア,ア
